Displacement:0,Displacement:1,Displacement:2,Points:0,Points:1,Points:2,vtkOriginalIndices
-8.47193e-09,-8.8183e-09,-2.27328e-09,-0.000803731,0.0207638,0.0477513,0
-2.07818e-05,-1.61862e-05,-5.51364e-06,0.0016735,0.0243512,0.0483838,1
-8.21982e-05,-3.91275e-05,-2.37835e-05,0.0048095,0.0270863,0.0488661,2
-4.97913e-05,-6.18121e-05,-4.07874e-05,0.0084089,0.0287986,0.049168,3
3.12173e-06,-2.86885e-05,-5.4203e-05,0.0122475,0.0293815,0.0492708,4
2.3285e-05,-5.55242e-05,-6.01392e-05,0.0122475,0.0296295,0.0447288,5
4.47283e-06,-4.79196e-05,-4.50817e-05,0.0122475,0.0287908,0.0402581,6
2.01246e-06,-2.52951e-05,-4.87617e-05,0.0122475,0.0269135,0.0361148,7
-5.62882e-09,-1.52186e-08,-3.18483e-08,0.0122475,0.0241052,0.0325365,8
-7.68846e-09,-1.44649e-08,-2.86765e-08,0.00823694,0.0236476,0.032994,9
-1.25839e-08,-1.04965e-08,-1.49888e-08,0.00449959,0.0223062,0.0343354,10
-9.35265e-09,-5.28504e-09,-9.33745e-09,0.00128994,0.0201723,0.0364694,11
-6.47898e-09,-4.67787e-09,-5.25134e-09,-0.00117341,0.0173912,0.0392505,12
-8.06954e-09,-5.52608e-09,-4.4324e-09,-0.00149841,0.0191027,0.0435282,13
-6.17851e-05,-3.92168e-05,-6.729e-05,0.00808111,0.0281238,0.0404684,14
-5.20789e-05,-3.45352e-05,-3.53254e-05,0.00422145,0.0261722,0.0410837,15
-8.93421e-06,-1.00893e-05,-5.1879e-06,0.000952562,0.0230795,0.0420589,16
-2.78992e-05,-1.31676e-05,-9.61362e-06,0.00823688,0.0262789,0.0363177,17
-4.50946e-05,-3.29473e-05,-1.89892e-05,0.00449947,0.0244119,0.0369185,18
-5.70746e-05,-3.5795e-05,-7.33743e-05,0.00838329,0.0290397,0.0449119,19
-6.9601e-05,-4.8533e-05,-3.42048e-05,0.00476314,0.0273001,0.0454496,20
-4.07975e-09,-3.70067e-08,-7.27978e-09,0.0122476,0.0271702,0.0479715,21
8.3982e-09,-3.65099e-08,-7.5401e-09,0.015954,0.0267485,0.0479715,22
8.35355e-09,-2.78622e-08,-4.76678e-09,0.0194709,0.0255051,0.0479715,23
1.20233e-08,-1.77385e-08,-2.96104e-09,0.0226186,0.0235034,0.0479715,24
9.44671e-09,-7.7529e-09,-2.15117e-09,0.0252363,0.0208459,0.0479715,25
5.90285e-09,-8.64113e-09,-4.56479e-10,0.0248912,0.020721,0.0522633,26
6.74905e-09,-3.55428e-09,5.21215e-10,0.0261484,0.0176042,0.0550504,27
4.02052e-09,-1.42553e-09,5.18809e-10,0.0273251,0.01342,0.0557507,28
6.54151e-09,-3.32107e-09,1.40365e-09,0.0256075,0.0162702,0.0580254,29
7.83258e-09,-6.15739e-09,2.99622e-09,0.0231007,0.0186859,0.0600596,30
7.62378e-09,-9.97328e-09,4.26172e-09,0.0199121,0.0205483,0.061675,31
5.55759e-09,-1.26585e-08,5.89316e-09,0.0162245,0.0217272,0.0627141,32
3.45079e-11,-1.21886e-08,8.53233e-09,0.0122476,0.022134,0.0630752,33
4.75661e-10,-2.48744e-08,9.57655e-09,0.0122476,0.0242694,0.0598638,34
-7.43701e-10,-3.27412e-08,3.88549e-09,0.0122476,0.025859,0.0561752,35
2.27644e-10,-4.12563e-08,-3.63974e-09,0.0122476,0.026839,0.0521574,36
8.59312e-09,-1.14059e-08,1.8135e-09,0.0217405,0.0219549,0.0573922,37
1.0551e-08,-1.21602e-08,-1.03958e-10,0.0225832,0.0229567,0.0528122,38
7.2189e-09,-1.91824e-08,4.67924e-09,0.0175149,0.0239786,0.0584196,39
6.65577e-09,-2.30307e-08,1.6704e-10,0.0186009,0.0252935,0.0533778,40
-1.26681e-08,-1.67809e-08,-3.22138e-09,0.00187668,0.0235034,0.0479715,41
-8.94728e-09,-2.79874e-08,-4.99845e-09,0.00502441,0.0255051,0.0479715,42
-8.27578e-09,-3.89777e-08,-7.12585e-09,0.00854131,0.0267485,0.0479715,43
-5.30375e-09,-1.24292e-08,5.82614e-09,0.00827448,0.021728,0.0627148,44
-7.31184e-09,-1.00509e-08,4.51018e-09,0.00457147,0.0205431,0.0616704,45
-7.26444e-09,-5.63519e-09,2.97078e-09,0.00139892,0.0186892,0.0600624,46
-6.60633e-09,-3.01824e-09,1.32805e-09,-0.00110921,0.016274,0.0580286,47
-3.97343e-09,-1.30269e-09,6.51138e-10,-0.0028298,0.01342,0.0557507,48
-6.78854e-09,-4.0108e-09,4.68427e-10,-0.00165621,0.0175959,0.0550539,49
-7.41302e-09,-8.61668e-09,-2.79075e-10,-0.00039811,0.0207149,0.052276,50
-8.13683e-09,-1.12022e-08,2.26016e-09,0.00275488,0.0219548,0.0573927,51
-1.04605e-08,-1.31955e-08,-6.88139e-10,0.00191207,0.0229567,0.0528125,52
-6.60335e-09,-1.95261e-08,4.80227e-09,0.0069805,0.0239785,0.0584199,53
-7.73243e-09,-2.37528e-08,1.01327e-09,0.00589436,0.0252935,0.0533779,54
1.43053e-10,-3.8042e-08,-1.13897e-08,0.0122476,0.0268879,0.0441038,55
1.63394e-11,-3.47751e-08,-8.13379e-09,0.0122476,0.0260508,0.0403685,56
-2.79651e-10,-2.00828e-08,-1.36395e-08,0.0122476,0.0246875,0.0368933,57
-1.43246e-09,-1.29187e-08,-1.6285e-08,0.0122476,0.0228446,0.0337971,58
5.21236e-09,-1.01437e-08,-1.34888e-08,0.0162377,0.0224584,0.0341833,59
9.80465e-09,-7.57165e-09,-1.27879e-08,0.0199413,0.021343,0.0352986,60
8.39502e-09,-6.04192e-09,-8.13666e-09,0.0231329,0.0196086,0.037033,61
6.06725e-09,-4.60558e-09,-4.58636e-09,0.0256687,0.0173912,0.0392505,62
8.60205e-09,-5.9155e-09,-4.23183e-09,0.0259948,0.0190924,0.0435023,63
7.72095e-09,-2.89281e-08,-8.42457e-09,0.0187001,0.0254997,0.0438084,64
9.29697e-09,-1.65029e-08,-9.67498e-09,0.0201239,0.0233289,0.0389745,65
1.43416e-08,-8.24525e-09,-8.35798e-09,0.0241356,0.021205,0.0422878,66
5.00222e-09,-2.0906e-08,-1.3322e-08,0.0157469,0.0248434,0.0381853,67
0,0,0,0.0267868,0.0106702,0.0709715,68
0,0,0,0.0243252,0.0144965,0.0709715,69
0,0,0,0.0208889,0.0174766,0.0709715,70
0,0,0,0.0167513,0.0193694,0.0709715,71
0,0,0,0.0122476,0.0200182,0.0709715,72
-1.4122e-07,-4.76226e-05,-4.72068e-06,0.0122476,0.0210761,0.0670233,73
9.16536e-06,9.37935e-06,4.27195e-08,0.0274527,0.0120112,0.0596084,74
0,0,0,0.0275477,0.0106702,0.0634915,75
0,0,0,0.0272085,0.0106702,0.0672018,76
1.40785e-05,-1.5142e-05,-4.47895e-06,0.0218127,0.0181985,0.065883,77
9.61147e-06,-3.16733e-05,-1.24819e-06,0.0182486,0.0200194,0.0665952,78
5.67572e-06,-6.94962e-06,-3.45528e-06,0.0247518,0.0150674,0.0669241,79
7.7997e-06,-4.31028e-06,-1.30453e-05,0.0247518,0.016155,0.0628652,80
0,0,0,-0.00282276,0.0107728,0.0709715,81
0,0,0,-0.00150872,0.0151521,0.0709715,82
0,0,0,0.000704551,0.0191379,0.0709715,83
0,0,0,0.00382701,0.0224597,0.0709715,84
0,0,0,0.00777535,0.0247345,0.0709715,85
0,0,0,0.0122476,0.0255551,0.0709715,86
-5.39288e-07,-6.12816e-05,8.61832e-06,0.0122476,0.0263204,0.0666314,87
-2.33473e-06,-7.10831e-05,-4.18502e-06,0.0122476,0.0270857,0.0622912,88
-6.7888e-06,-7.53125e-05,7.89261e-06,0.0122476,0.0278509,0.0579511,89
-3.18069e-05,-6.10995e-05,-2.04273e-06,0.0122476,0.0286162,0.0536109,90
-8.55901e-06,9.72583e-06,-7.10045e-07,-0.00295747,0.0120109,0.0596093,91
0,0,0,-0.00305236,0.0106702,0.0634915,92
0,0,0,-0.00295695,0.0106702,0.0672317,93
-8.4729e-05,-2.88223e-05,2.55364e-05,0.00806062,0.0265354,0.061344,94
-6.31387e-05,-3.81669e-05,5.21437e-06,0.00418492,0.0245003,0.0609851,95
-3.42813e-05,-2.88768e-05,-2.07384e-06,0.000908694,0.021277,0.0604168,96
-5.19551e-06,2.13173e-06,-1.28845e-05,-0.00152445,0.0171051,0.0596811,97
-0.000114377,-3.42657e-05,2.70246e-05,0.00768739,0.0271197,0.0572553,98
-5.12196e-05,-3.37902e-05,9.06961e-07,0.0035308,0.0247086,0.0568302,99
-5.80547e-06,-1.19528e-06,-8.809e-06,0.000145815,0.0209279,0.0561635,100
-0.000119567,-3.81256e-05,1.68038e-05,0.00738503,0.0277201,0.0531695,101
-3.0137e-05,-2.275e-05,-9.77009e-06,0.00301339,0.0249816,0.0526867,102
-3.51459e-05,-4.22753e-05,2.87946e-05,0.00795323,0.0257817,0.0654027,103
-3.7009e-05,-3.80249e-05,1.54505e-05,0.00399504,0.0236416,0.0650254,104
-3.47275e-05,-2.87296e-05,3.1934e-06,0.000682982,0.0202614,0.0644294,105
-1.41488e-05,-1.48715e-05,-8.37077e-06,-0.00172363,0.0159057,0.0636613,106
-4.22734e-06,-5.30091e-06,6.01612e-07,-0.00158319,0.0155327,0.0677872,107
0,0,0,0.0167027,0.024741,0.0709715,108
0,0,0,0.0206368,0.022485,0.0709715,109
0,0,0,0.0237753,0.0191593,0.0709715,110
0,0,0,0.0260013,0.0151586,0.0709715,111
0,0,0,0.0273376,0.0106702,0.0709715,112
0,0,0,0.0274522,0.0106702,0.0672319,113
2.58361e-05,-2.05762e-05,-1.98122e-06,0.0228234,0.0243494,0.0483835,114
6.10501e-05,-3.19382e-05,-1.21585e-05,0.0196897,0.0270837,0.0488656,115
5.82172e-05,-4.10186e-05,-2.04419e-05,0.0160928,0.0287966,0.0491677,116
5.27956e-06,2.42056e-06,-1.36832e-05,0.0260197,0.0171051,0.0596811,117
3.33973e-05,-2.84759e-05,-2.71275e-06,0.0235866,0.021277,0.0604168,118
6.17635e-05,-3.72116e-05,3.33674e-06,0.0203104,0.0245003,0.0609851,119
8.03218e-05,-2.86635e-05,2.47532e-05,0.0164347,0.0265354,0.061344,120
6.30341e-06,-1.44095e-06,-9.32175e-06,0.024351,0.0209256,0.0561631,121
5.11078e-05,-3.3092e-05,-1.0901e-06,0.0209658,0.0247075,0.05683,122
0.000103305,-3.31949e-05,2.53637e-05,0.0168087,0.0271194,0.0572553,123
2.69342e-05,-1.92409e-05,-1.11597e-05,0.021479,0.0249842,0.0526871,124
9.03674e-05,-3.05428e-05,1.68523e-05,0.0171085,0.0277208,0.0531696,125
1.06507e-05,-9.57977e-06,-8.80222e-06,0.0262189,0.0159057,0.0636613,126
3.41933e-05,-2.87172e-05,2.80241e-06,0.0238123,0.0202614,0.0644294,127
3.58272e-05,-3.75263e-05,1.43074e-05,0.0205002,0.0236416,0.0650254,128
3.36278e-05,-4.23217e-05,2.7997e-05,0.0165421,0.0257817,0.0654027,129
6.06097e-06,-6.57558e-06,-7.4206e-07,0.0260785,0.0155327,0.0677872,130
0,0,0,-0.00229155,0.0106702,0.0709715,131
0,0,0,-0.00271324,0.0106702,0.0672017,132
0,0,0,0.00774239,0.0193689,0.0709715,133
0,0,0,0.00360314,0.0174745,0.0709715,134
0,0,0,0.000164373,0.0144899,0.0709715,135
-1.41402e-05,-1.54821e-05,-5.73828e-06,0.00268259,0.0181985,0.0658832,136
-3.62162e-06,-8.44709e-06,-1.27507e-06,-0.000256529,0.0150691,0.0669177,137
-8.20636e-06,-1.77639e-06,-8.09985e-06,-0.000256529,0.0161558,0.062862,138
-9.77551e-06,-3.2118e-05,-1.55115e-06,0.00624664,0.0200195,0.0665949,139
-8.12449e-09,-5.33045e-09,-8.73611e-09,0.00136335,0.0196093,0.0370324,140
-6.26923e-09,-8.29744e-09,-1.10761e-08,0.00454771,0.0213404,0.0353012,141
-4.43529e-09,-1.08754e-08,-1.44362e-08,0.00824757,0.0224564,0.0341852,142
-6.1896e-09,-2.75905e-08,-8.04933e-09,0.00578373,0.0254957,0.0438141,143
-8.01899e-09,-1.50076e-08,-9.40251e-09,0.0043714,0.0233289,0.0389746,144
-5.75619e-09,-1.84794e-08,-1.22154e-08,0.0087483,0.0248436,0.0381857,145
-1.21614e-08,-7.72265e-09,-7.4562e-09,0.00035967,0.021205,0.0422878,146
9.89557e-09,-5.4913e-09,-8.85785e-09,0.0232069,0.0201709,0.0364707,147
1.95078e-08,-1.13965e-08,-2.94474e-08,0.0199995,0.0223043,0.0343374,148
1.06984e-08,-1.24664e-08,-3.62197e-08,0.0162647,0.0236461,0.0329955,149
1.09795e-05,-1.30436e-05,-8.27214e-06,0.0235474,0.0230737,0.0420607,150
6.9204e-05,-3.66702e-05,-2.01081e-05,0.0202802,0.0261677,0.0410852,151
7.3368e-05,-4.53733e-05,-5.9026e-05,0.016422,0.0281213,0.0404692,152
5.77429e-05,-2.75334e-05,3.16007e-07,0.0199996,0.0244092,0.0369193,153
4.2182e-05,-4.35914e-05,-2.33746e-05,0.0162648,0.0262769,0.0363184,154
8.79158e-05,-5.90312e-05,-1.52346e-05,0.0197358,0.0272977,0.0454503,155
7.83802e-05,-4.05877e-05,-4.73472e-05,0.0161183,0.0290377,0.0449125,156
-3.66912e-07,-5.47309e-07,-5.51719e-07,-0.00202777,0.0125921,0.0686012,157
-1.65289e-06,-2.67046e-06,-3.21136e-07,-0.00205271,0.0126455,0.0669908,158
0,0,0,0.0122475,0.0106702,0.0269715,159
9.53338e-11,-3.3461e-09,-6.58883e-09,0.0122475,0.0143769,0.0273366,160
-1.17087e-10,-6.01528e-09,-1.07907e-08,0.0122475,0.0179412,0.0284178,161
-4.31237e-10,-1.00581e-08,-1.40893e-08,0.0122475,0.021226,0.0301736,162
6.07682e-09,-3.67805e-09,-5.65961e-09,0.0245062,0.0158752,0.0355739,163
3.7922e-09,-2.85352e-09,-5.28904e-09,0.0225084,0.0144168,0.0322323,164
1.98742e-09,-1.77661e-09,-3.94061e-09,0.0197046,0.0130615,0.0294874,165
6.38452e-10,-1.15001e-09,-2.48801e-09,0.0162017,0.0118252,0.0276365,166
2.73072e-09,-5.15692e-09,-1.01659e-08,0.0165834,0.0176112,0.0291021,167
4.48732e-09,-4.56092e-09,-8.46407e-09,0.0205731,0.0167683,0.0311505,168
3.6981e-09,-8.52881e-09,-1.20067e-08,0.0162578,0.0209548,0.0307707,169
6.11758e-09,-7.666e-09,-1.06989e-08,0.019995,0.0202106,0.0325628,170
0,0,0,0.0281124,0.0106702,0.0537425,171
0,0,0,0.0285881,0.0106702,0.0508852,172
0,0,0,0.0287476,0.0106702,0.0479715,173
5.74773e-09,-2.04086e-09,-5.9197e-10,0.0283445,0.0142954,0.0479715,174
8.24795e-09,-4.41816e-09,-1.30612e-09,0.0271546,0.0177435,0.0479715,175
6.9635e-09,-2.25012e-09,7.23929e-11,0.0277327,0.0153797,0.0520531,176
0,0,0,-0.00425236,0.0106702,0.0479715,177
0,0,0,-0.00409277,0.0106702,0.0508852,178
0,0,0,-0.00361708,0.0106702,0.0537425,179
-8.1207e-09,-4.45602e-09,-1.80905e-09,-0.00265933,0.0177435,0.0479715,180
-5.55812e-09,-2.74178e-09,-1.05604e-09,-0.00384918,0.0142954,0.0479715,181
-6.88555e-09,-2.66894e-09,-1.98704e-10,-0.00323732,0.0153796,0.0520535,182
0,0,0,0.028334,0.0106702,0.0432986,183
0,0,0,0.0271136,0.0106702,0.0388599,184
0,0,0,0.0251479,0.0106702,0.0348782,185
0,0,0,0.0225352,0.0106702,0.031553,186
0,0,0,0.0194067,0.0106702,0.0290511,187
0,0,0,0.0159192,0.0106702,0.027498,188
5.26923e-09,-2.40407e-09,-3.32089e-09,0.0273306,0.0145503,0.0410356,189
-1.20415e-10,-6.85936e-09,4.65429e-09,0.0122476,0.018755,0.0662778,190
-4.25495e-12,-2.74107e-09,3.09352e-09,0.0122476,0.0148488,0.0682869,191
0,0,0,0.0122476,0.0106702,0.0689715,192
0,0,0,0.0164652,0.0106702,0.0682739,193
0,0,0,0.0204026,0.0106702,0.0662273,194
0,0,0,0.0237982,0.0106702,0.0629678,195
0,0,0,0.0264263,0.0106702,0.058712,196
3.1981e-09,-5.17386e-09,4.0528e-09,0.0188521,0.0172746,0.065283,197
1.01074e-09,-2.4903e-09,2.656e-09,0.0157052,0.0141277,0.0680282,198
4.17413e-09,-3.59002e-09,2.55802e-09,0.0229301,0.0155875,0.0627018,199
2.30662e-09,-1.47339e-09,8.92177e-10,0.0253285,0.0127369,0.0604981,200
0,0,0,-0.00193101,0.0106702,0.058712,201
0,0,0,0.000697112,0.0106702,0.0629678,202
0,0,0,0.00409266,0.0106702,0.0662273,203
0,0,0,0.00803004,0.0106702,0.0682739,204
-3.33837e-09,-5.21229e-09,3.97793e-09,0.00564337,0.0172744,0.0652833,205
-1.0549e-09,-2.25474e-09,2.56049e-09,0.00879021,0.0141276,0.0680282,206
-4.60256e-09,-3.57901e-09,2.51364e-09,0.00156513,0.0155875,0.0627018,207
-2.49317e-09,-1.52344e-09,1.04707e-09,-0.000833173,0.0127369,0.0604981,208
-5.72312e-09,-3.15802e-09,-5.64179e-09,-1.08885e-05,0.0158752,0.0355739,209
-3.61176e-09,-2.60677e-09,-5.30512e-09,0.00198685,0.0144168,0.0322324,210
-1.83882e-09,-1.72866e-09,-3.99597e-09,0.00479054,0.0130615,0.0294874,211
-5.18245e-10,-1.23886e-09,-2.49799e-09,0.00829342,0.0118253,0.0276365,212
0,0,0,0.00857589,0.0106702,0.0274981,213
0,0,0,0.00508844,0.0106702,0.0290512,214
0,0,0,0.00195998,0.0106702,0.0315531,215
0,0,0,-0.000652626,0.0106702,0.0348783,216
0,0,0,-0.00261837,0.0106702,0.03886,217
0,0,0,-0.00383867,0.0106702,0.0432986,218
-5.06002e-09,-2.4616e-09,-2.87924e-09,-0.00283534,0.0145503,0.0410356,219
0,0,0,0.0239176,0.0106702,0.0491682,220
0,0,0,0.0192828,0.0106702,0.0481518,221
0,0,0,0.0140275,0.0106702,0.0479601,222
0,0,0,0.000837889,0.0106702,0.0515326,223
0,0,0,0.00521648,0.0106702,0.0504568,224
0,0,0,0.0107057,0.0106702,0.0515227,225
0,0,0,0.000461931,0.0106702,0.0479715,226
0,0,0,0.0237281,0.0106702,0.0432488,227
0,0,0,0.0194508,0.0106702,0.042369,228
0,0,0,0.0153185,0.0106702,0.0433433,229
0,0,0,0.00992308,0.0106702,0.0448371,230
0,0,0,0.0044019,0.0106702,0.0439195,231
0,0,0,0.000767193,0.0106702,0.0432488,232
0,0,0,0.0220484,0.0106702,0.0385262,233
0,0,0,0.0171992,0.0106702,0.0384285,234
0,0,0,0.0123682,0.0106702,0.0387992,235
0,0,0,0.00733798,0.0106702,0.0389036,236
0,0,0,0.00244685,0.0106702,0.0385262,237
0,0,0,0.0194811,0.0106702,0.0338035,238
0,0,0,0.0146588,0.0106702,0.0338035,239
0,0,0,0.00983648,0.0106702,0.0338035,240
0,0,0,0.00501417,0.0106702,0.0338035,241
0,0,0,0.0237043,0.0106702,0.0526942,242
0,0,0,0.0194494,0.0106702,0.0536492,243
0,0,0,0.0154501,0.0106702,0.0526472,244
0,0,0,0.021993,0.0106702,0.0574168,245
0,0,0,0.0172239,0.0106702,0.0575199,246
0,0,0,0.012539,0.0106702,0.0571396,247
0,0,0,0.00761624,0.0106702,0.0568091,248
0,0,0,0.00250226,0.0106702,0.0574168,249
0,0,0,0.0194849,0.0106702,0.0621395,250
0,0,0,0.0146601,0.0106702,0.0621395,251
0,0,0,0.00983523,0.0106702,0.0621395,252
0,0,0,0.00501041,0.0106702,0.0621395,253
-4.33359e-09,-4.56156e-09,-8.34537e-09,0.00392206,0.0167683,0.0311506,254
-2.45028e-09,-5.69927e-09,-1.01123e-08,0.00791166,0.0176111,0.0291022,255
-5.79339e-09,-6.9865e-09,-1.08597e-08,0.00450012,0.0202105,0.032563,256
-3.59683e-09,-9.38448e-09,-1.24685e-08,0.00823724,0.0209547,0.0307708,257
5.84109e-10,-2.91315e-09,-5.11428e-09,0.0130379,0.0145007,0.0346349,258
1.52454e-09,-6.74835e-09,-1.05728e-08,0.0140157,0.0187542,0.033255,259
7.85766e-10,-2.05585e-09,-5.07147e-09,0.0142267,0.0140345,0.0311878,260
-8.42071e-10,-6.81783e-09,-1.02171e-08,0.0110755,0.0183698,0.0320027,261
2.28865e-09,-1.13049e-08,2.90246e-10,0.0148652,0.0179021,0.0520786,262
6.31195e-09,-1.13257e-08,3.93829e-10,0.0201481,0.020007,0.0533426,263
4.7674e-09,-1.28357e-08,2.0398e-09,0.0172522,0.0201986,0.0558888,264
3.26161e-09,-3.12414e-09,-8.10035e-11,0.020395,0.0141455,0.0521678,265
1.09615e-09,-1.55551e-08,-2.85466e-09,0.0130946,0.0193183,0.0479661,266
3.98242e-09,-6.99639e-09,-1.91604e-09,0.0190926,0.0159099,0.0478619,267
1.05174e-09,-6.12219e-09,-1.79843e-09,0.0142136,0.0148529,0.0475936,268
1.70254e-09,-2.94286e-09,1.0489e-09,0.0169526,0.0138201,0.0558967,269
1.92971e-10,-4.99035e-09,1.47846e-09,0.0129281,0.0149961,0.0559497,270
1.76832e-09,-5.09587e-09,-2.11245e-10,0.0164787,0.0144652,0.0514511,271
-8.49856e-10,-1.59901e-08,4.31687e-09,0.0112938,0.0207423,0.0574971,272
-7.0711e-10,-6.27907e-09,-7.10685e-10,0.0110961,0.0153743,0.0504851,273
-3.68759e-09,-1.26431e-08,2.24973e-09,0.008359,0.0195304,0.0558345,274
-4.60692e-09,-2.34191e-08,-6.45266e-10,0.00880828,0.022983,0.051422,275
-3.13392e-09,-2.28138e-08,-5.58814e-09,0.00940461,0.0220346,0.0461433,276
1.16528e-09,-2.01387e-08,-2.01918e-10,0.0132651,0.0214174,0.0523439,277
-5.39948e-09,-1.64362e-08,-2.50519e-09,0.00682965,0.0204966,0.0490469,278
-5.03088e-09,-5.22104e-09,-8.66488e-09,0.00537891,0.0179646,0.0349575,279
2.65792e-10,-2.81221e-08,-6.19898e-09,0.0121232,0.0239894,0.047729,280
-7.06339e-09,-1.37391e-08,-6.36369e-09,0.0053827,0.0202567,0.0438462,281
5.88314e-09,-1.13985e-08,-1.1179e-08,0.0174946,0.0208271,0.0377066,282
7.22361e-09,-5.45081e-09,-8.85963e-09,0.0212678,0.0187701,0.0357394,283
-6.7523e-09,-1.06754e-08,-9.34409e-12,0.00399085,0.0198028,0.0532393,284
6.9832e-10,-6.2912e-10,-2.17581e-09,0.0168657,0.0120072,0.031022,285
-7.01371e-10,-1.18721e-09,-3.18702e-09,0.00918408,0.012684,0.0306038,286
-9.14766e-10,-6.74625e-09,-2.95436e-09,0.0106947,0.0155329,0.0457385,287
1.2238e-09,-2.2032e-08,-6.76854e-09,0.0132711,0.021483,0.0438504,288
1.025e-09,-7.13953e-09,-4.6017e-09,0.0137621,0.0155861,0.0429076,289
-2.50999e-09,-4.51411e-09,-1.87503e-09,0.00684324,0.014609,0.0468024,290
-4.28726e-09,-5.16862e-09,-8.19927e-10,0.00404395,0.0151756,0.0495843,291
-4.42006e-09,-4.41105e-09,-2.49307e-09,0.00329137,0.0150686,0.0454266,292
-2.10128e-09,-5.23063e-09,-3.76288e-09,0.0080607,0.0151087,0.0426465,293
-1.53394e-09,-4.60041e-09,6.99922e-10,0.00896543,0.0145894,0.0535645,294
-4.28123e-09,-2.9644e-09,1.0236e-09,0.0021223,0.0145557,0.0559166,295
-6.1137e-09,-5.03229e-09,-7.21509e-10,0.000772867,0.0163074,0.0507449,296
-6.01662e-09,-6.9039e-09,2.07549e-09,0.00380488,0.0178514,0.0577205,297
-6.32924e-09,-4.87362e-09,-4.1295e-09,0.00137635,0.0168103,0.0433289,298
-3.23751e-09,-2.2456e-09,-3.05154e-09,0.00330029,0.013911,0.0414226,299
-1.9677e-09,-9.27477e-10,-1.95376e-09,0.00148536,0.0125152,0.0395232,300
-5.66616e-09,-4.02158e-09,-6.00187e-09,0.00228996,0.0168833,0.0391326,301
-1.93862e-09,-3.18433e-09,-5.64041e-09,0.0082179,0.0148877,0.033659,302
-2.58791e-09,-8.12203e-09,-1.00565e-08,0.00947995,0.0189314,0.0355652,303
5.4583e-09,-4.0363e-09,-7.61666e-09,0.0208149,0.0169049,0.034933,304
3.5015e-09,-6.16933e-09,-9.87476e-09,0.0164092,0.0185348,0.0342985,305
5.53296e-09,-5.03775e-09,-6.54726e-09,0.0207204,0.0168491,0.0389812,306
2.27433e-09,-2.73588e-09,-5.04141e-09,0.0169135,0.0145619,0.0368462,307
3.05397e-09,-1.7428e-09,-3.53502e-09,0.0224955,0.0136877,0.0355033,308
-3.55481e-09,-2.41082e-09,-4.90899e-09,0.00360566,0.014797,0.0365006,309
-2.35778e-09,-3.59744e-09,-5.52985e-09,0.00767483,0.015035,0.0371562,310
-5.1395e-09,-1.00436e-08,-8.52414e-09,0.00611749,0.019596,0.0386216,311
3.59392e-09,-1.2684e-08,-1.02025e-08,0.0156063,0.0201908,0.0398785,312
6.97781e-09,-6.95704e-09,-5.21064e-09,0.021165,0.0176556,0.0426434,313
-5.69532e-10,-1.5555e-08,-1.25158e-08,0.0120877,0.0217744,0.0380442,314
4.54202e-09,-3.06894e-09,-1.16819e-09,0.0233056,0.0142849,0.0480596,315
3.23959e-09,-2.7567e-09,-2.12998e-09,0.0196347,0.0137729,0.0444287,316
-7.14985e-09,-1.06286e-08,-2.96899e-09,0.00253045,0.0194634,0.0479129,317
5.31986e-09,-1.73526e-08,-5.42089e-09,0.0170719,0.0203324,0.045255,318
2.68033e-09,-2.59714e-09,-3.15701e-09,0.0181204,0.0138752,0.0410807,319
4.52463e-09,-3.07101e-09,-3.99973e-09,0.0229919,0.0149577,0.0399709,320
5.6601e-09,-4.99732e-09,1.71435e-09,0.0220283,0.0164914,0.0570329,321
6.28294e-09,-5.28024e-09,-3.16363e-09,0.022423,0.0163203,0.0444914,322
3.70474e-09,-1.51636e-09,-1.02672e-09,0.0258948,0.0131948,0.0457302,323
-4.36939e-09,-2.12625e-09,-9.85969e-10,-0.000521726,0.0139688,0.0482859,324
6.68303e-09,-1.93951e-08,-2.59187e-09,0.0184891,0.0218827,0.0491132,325
7.51278e-09,-1.09271e-08,-3.25747e-09,0.021386,0.019541,0.047544,326
-5.79291e-11,-5.69663e-09,-6.28164e-09,0.012324,0.015805,0.038101,327
-3.30626e-09,-1.57666e-08,-9.65011e-09,0.00943155,0.0209022,0.0410424,328
5.93223e-09,-6.68158e-09,-9.54553e-10,0.0230944,0.0174943,0.0509535,329
4.30583e-09,-1.88371e-09,-1.15466e-11,0.0250758,0.013902,0.0521882,330
-1.89954e-09,-3.07633e-09,2.26318e-09,0.00717191,0.0144218,0.0624445,331
-1.87608e-09,-4.15787e-09,1.73586e-09,0.00807612,0.0147157,0.0579346,332
-2.16997e-09,-7.51799e-09,3.69031e-09,0.0088617,0.017517,0.0610324,333
3.87612e-10,-1.84383e-09,1.88371e-09,0.0130643,0.0132778,0.0648696,334
6.31519e-10,-7.64385e-09,4.09577e-09,0.012986,0.0178261,0.0605534,335
2.61717e-09,-6.94728e-09,3.38263e-09,0.0163276,0.017322,0.0606258,336
2.73934e-09,-3.79861e-09,2.38549e-09,0.0186964,0.0152634,0.0617098,337
0,0,0,-0.00347895,0.0106702,0.0569953,338
0,0,0,-0.00329127,0.0106702,0.060245,339
0,0,0,0.0277866,0.0106702,0.0602443,340
0,0,0,0.0279743,0.0106702,0.0569942,341
0,0,0,0.0226328,0.0106702,0.0709715,342
0,0,0,0.0184787,0.0106702,0.0709715,343
0,0,0,0.0143247,0.0106702,0.0709715,344
0,0,0,0.0101706,0.0106702,0.0709715,345
0,0,0,0.00601656,0.0106702,0.0709715,346
0,0,0,0.0018625,0.0106702,0.0709715,347
0,0,0,0.0122476,0.0153442,0.0709715,348
0,0,0,0.00804374,0.0150414,0.0709715,349
0,0,0,0.0164515,0.0150414,0.0709715,350
1.26581e-06,-9.29383e-07,6.15278e-07,0.00442133,0.0151136,0.0684478,351
-9.33821e-07,1.17757e-07,5.56013e-07,0.0193835,0.0155892,0.0682006,352
0,0,0,0.0303839,0.0106702,0.0709715,353
0,0,0,0.0292278,0.0151292,0.0709715,354
0,0,0,0.0272648,0.0193087,0.0709715,355
0,0,0,0.0245102,0.0229888,0.0709715,356
0,0,0,0.0209768,0.0259582,0.0709715,357
0,0,0,0.0167985,0.0279149,0.0709715,358
0,0,0,0.0122476,0.0286014,0.0709715,359
-4.7906e-06,-0.000145093,6.53928e-05,0.0122476,0.0293483,0.0667356,360
-2.9428e-06,-0.000327697,0.000164953,0.0122476,0.0300952,0.0624996,361
-8.41375e-06,-0.000674035,0.000198386,0.0122476,0.0308421,0.0582637,362
1.80314e-05,-0.000881941,8.21483e-05,0.0122476,0.031589,0.0540277,363
-4.23591e-06,-0.000901678,-8.65433e-05,0.0122476,0.0323359,0.0497918,364
0.000202801,-0.000853999,-8.46499e-05,0.0163643,0.0317927,0.049696,365
0.000395126,-0.000713748,-8.9503e-05,0.0202745,0.0301903,0.0494134,366
0.000416613,-0.000422241,-0.000113178,0.0237822,0.0276091,0.0489583,367
0.000309171,-0.000226862,-8.96027e-05,0.0267115,0.0241785,0.0483534,368
0.00016369,-0.000106304,-6.05372e-05,0.0289156,0.0200706,0.047629,369
5.35306e-05,-2.80197e-05,-2.96391e-05,0.0302838,0.0154912,0.0468216,370
0,0,0,0.0307476,0.0106702,0.0459715,371
0,0,0,0.0307376,0.0106702,0.0501389,372
0,0,0,0.0307076,0.0106702,0.054306,373
0,0,0,0.0306574,0.0106702,0.0584728,374
0,0,0,0.0305868,0.0106702,0.0626394,375
0,0,0,0.0304958,0.0106702,0.0668056,376
6.6605e-05,-2.04795e-05,-5.06458e-06,0.0253906,0.0227686,0.0665199,377
0.000163101,-6.71993e-05,1.04897e-05,0.0253906,0.0235559,0.062055,378
0.000260935,-0.000138171,7.11219e-06,0.0253906,0.0243432,0.05759,379
0.000359366,-0.000244606,-2.45274e-05,0.0253906,0.0251305,0.053125,380
4.99559e-05,-2.66097e-06,-8.96649e-06,0.0279714,0.0188417,0.0663818,381
0.000112244,-2.48671e-05,-1.24541e-05,0.0279714,0.0196527,0.0617825,382
0.000154866,-6.5269e-05,-1.49178e-05,0.0279714,0.0204637,0.0571831,383
0.000228104,-0.000113274,-4.44676e-05,0.0279714,0.0212747,0.0525837,384
2.26734e-05,6.68965e-06,-3.15563e-06,0.0297543,0.0143211,0.0662233,385
5.60474e-05,4.08312e-06,-9.18222e-06,0.0297543,0.0151594,0.0614691,386
8.08083e-05,-1.36551e-05,-1.45435e-05,0.0297543,0.0159977,0.0567149,387
0.000106469,-4.04937e-05,-1.3514e-05,0.0297543,0.016836,0.0519607,388
8.11712e-05,-3.1625e-05,1.17315e-05,0.0221429,0.0259024,0.0666319,389
0.000199822,-0.000109384,4.14211e-05,0.0221429,0.0266708,0.0622737,390
0.000289335,-0.000255839,4.87882e-05,0.0221429,0.0274393,0.0579156,391
0.000406215,-0.000464911,3.94039e-06,0.0221429,0.0282077,0.0535575,392
6.97189e-05,-8.65951e-05,4.26506e-05,0.0183931,0.0280839,0.0667118,393
0.00015217,-0.000264271,0.000106554,0.0183931,0.0288393,0.0624276,394
0.000209193,-0.000432781,0.000146376,0.0183931,0.0295948,0.0581433,395
0.000275894,-0.000678496,5.41705e-05,0.0183931,0.0303502,0.0538591,396
1.64475e-06,-0.00088313,-0.000241637,0.0122476,0.032666,0.0455449,397
7.81729e-06,-0.00079329,-0.000340293,0.0122476,0.0321715,0.041314,398
1.1698e-06,-0.000641816,-0.00038058,0.0122476,0.0308709,0.0372577,399
5.24452e-06,-0.000413361,-0.00038054,0.0122476,0.028813,0.0335281,400
1.48649e-06,-0.000259822,-0.000301717,0.0122476,0.0260749,0.030265,401
-1.05533e-05,-0.000152471,-0.000227475,0.0122476,0.0227594,0.0275908,402
-2.73783e-06,-7.1817e-05,-0.000147835,0.0122476,0.0189906,0.0256056,403
-2.61144e-06,7.82374e-08,-7.12821e-05,0.0122476,0.0149098,0.0243839,404
0,0,0,0.0122476,0.0106702,0.0239715,405
0,0,0,0.0163643,0.0106702,0.0245231,406
0,0,0,0.0202745,0.0106702,0.0261502,407
0,0,0,0.0237822,0.0106702,0.0287712,408
0,0,0,0.0267115,0.0106702,0.0322547,409
0,0,0,0.0289156,0.0106702,0.0364261,410
0,0,0,0.0302838,0.0106702,0.041076,411
7.92931e-05,-0.000280325,-0.000303541,0.0163643,0.0271006,0.0321847,412
0.000144503,-0.00020219,-0.000291749,0.0202745,0.0258542,0.0332306,413
0.000176386,-0.000122942,-0.00021159,0.0237822,0.0238463,0.0349154,414
0.000167204,-7.67455e-05,-0.000159441,0.0267115,0.0211778,0.0371545,415
0.000100013,-2.5258e-05,-8.88687e-05,0.0289156,0.0179824,0.0398358,416
3.46458e-05,-4.65859e-06,-4.20145e-05,0.0302838,0.0144203,0.0428248,417
3.49333e-05,-0.000175633,-0.000235271,0.0163651,0.0240516,0.0292096,418
7.2985e-05,-0.000114438,-0.000217642,0.020276,0.0227812,0.0302816,419
7.51397e-05,-5.44136e-05,-0.000161961,0.0237841,0.020727,0.0320199,420
6.54724e-05,-1.60558e-05,-0.000112242,0.0267136,0.0179725,0.0343637,421
3.50575e-05,6.25377e-06,-5.65763e-05,0.0289174,0.0146078,0.0372809,422
1.82911e-05,-8.35127e-05,-0.000176277,0.0163188,0.0204849,0.0268866,423
3.19273e-05,-5.38502e-05,-0.000152582,0.0201904,0.0191898,0.0280216,424
2.92761e-05,-1.24957e-05,-0.000106208,0.0236726,0.0170807,0.0298993,425
1.41491e-05,1.02733e-05,-5.75254e-05,0.0265946,0.0142169,0.0325426,426
7.27495e-06,-2.22373e-05,-0.000100502,0.0160875,0.0165728,0.0252759,427
1.45443e-05,-1.08267e-05,-8.08348e-05,0.0197601,0.0153694,0.026424,428
0.000142574,-0.000483573,-0.000353925,0.0163651,0.0295011,0.035704,429
0.000230553,-0.000383376,-0.000319279,0.020276,0.0282247,0.0367689,430
0.000298178,-0.000231418,-0.000217146,0.0237841,0.0261561,0.0384901,431
0.000247853,-0.000127711,-0.000160819,0.0267136,0.0233697,0.0407958,432
0.000147154,-6.80475e-05,-9.20609e-05,0.0289174,0.0199125,0.0436028,433
0.00017766,-0.000710037,-0.000299811,0.0163188,0.0311694,0.0396199,434
0.000345388,-0.000548133,-0.000264504,0.0201904,0.0298268,0.0406983,435
0.000411259,-0.00032892,-0.000183655,0.0236726,0.0276113,0.0424492,436
0.000325325,-0.000198681,-0.000132557,0.0265946,0.0245109,0.0448105,437
0.000207631,-0.000818725,-0.000269253,0.0160875,0.0320763,0.0437523,438
0.00039331,-0.000718576,-0.000203981,0.0197601,0.0307367,0.0447381,439
0,0,0,-0.00775236,0.0106702,0.0459715,440
-5.96094e-05,-2.97173e-05,-2.66996e-05,-0.00736806,0.0151851,0.0467676,441
-0.000146736,-7.82631e-05,-5.66033e-05,-0.00622995,0.0195266,0.0475331,442
-0.000266276,-0.000141244,-8.1995e-05,-0.00438175,0.0235277,0.0482386,443
-0.000346116,-0.000248224,-0.000109082,-0.00189449,0.0270347,0.048857,444
-0.000329225,-0.000458672,-0.000116421,0.00113624,0.0299128,0.0493645,445
-0.00024479,-0.000792697,-8.44954e-05,0.00459397,0.0320515,0.0497416,446
-9.13633e-05,-0.000983502,-0.000100931,0.00834584,0.0333684,0.0499738,447
-1.1272e-05,-0.00101323,-0.000131857,0.0122476,0.0338131,0.0500522,448
8.65818e-06,-0.000973097,-0.000189163,0.0122476,0.0341657,0.0455158,449
2.41221e-05,-0.000867795,-0.000286066,0.0122476,0.0336375,0.0409965,450
-1.32213e-06,-0.000681117,-0.000332584,0.0122476,0.0322482,0.0366636,451
-6.51506e-06,-0.00037405,-0.000320156,0.0122476,0.03005,0.0326797,452
-8.2632e-06,-0.000225862,-0.000288538,0.0122476,0.0271253,0.0291942,453
-1.58509e-05,-0.00013698,-0.00024439,0.0122476,0.0235836,0.0263375,454
-6.11615e-06,-7.15638e-05,-0.000177147,0.0122476,0.0195579,0.024217,455
-3.30087e-06,-2.43763e-05,-9.13612e-05,0.0122476,0.0151989,0.022912,456
0,0,0,0.0122476,0.0106702,0.0224715,457
0,0,0,0.00834584,0.0106702,0.022923,458
0,0,0,0.00459397,0.0106702,0.0242603,459
0,0,0,0.00113624,0.0106702,0.026432,460
0,0,0,-0.00189449,0.0106702,0.0293545,461
0,0,0,-0.00438175,0.0106702,0.0329156,462
0,0,0,-0.00622995,0.0106702,0.0369784,463
0,0,0,-0.00736806,0.0106702,0.0413869,464
-6.68507e-05,-0.000274932,-0.000301045,0.00779723,0.0282208,0.0312447,465
-0.000130094,-0.000193864,-0.000264349,0.00356997,0.0268894,0.0323619,466
-0.000187402,-9.70049e-05,-0.000209858,-0.000222155,0.0247447,0.0341615,467
-0.000156982,-6.11434e-05,-0.000162826,-0.00338899,0.0218942,0.0365534,468
-0.000109101,-3.91074e-05,-9.54554e-05,-0.00577173,0.018481,0.0394175,469
-4.92439e-05,-1.64437e-05,-4.32524e-05,-0.00725091,0.014676,0.0426102,470
-6.65766e-05,-0.000166684,-0.000261646,0.00779836,0.0249644,0.0280664,471
-8.66817e-05,-0.000106625,-0.000260227,0.00357206,0.0236086,0.0292105,472
-8.23733e-05,-6.3115e-05,-0.000196061,-0.000219429,0.0214162,0.0310657,473
-7.99564e-05,-2.57861e-05,-0.000124908,-0.00338609,0.0184764,0.0335671,474
-3.80345e-05,-8.08009e-06,-6.31741e-05,-0.00576921,0.0148852,0.0366805,475
-3.53654e-05,-8.99813e-05,-0.000201189,0.007852,0.0211553,0.0255843,476
-5.1298e-05,-6.59146e-05,-0.000176966,0.00367132,0.0197755,0.0267936,477
-4.93483e-05,-3.95635e-05,-0.000123887,-8.99639e-05,0.0175281,0.0287941,478
-3.90431e-05,-7.58843e-06,-5.98811e-05,-0.00324792,0.0144766,0.0316099,479
-1.43529e-05,-3.49135e-05,-0.000128567,0.00808922,0.0169737,0.0238663,480
-1.85909e-05,-2.56809e-05,-9.40956e-05,0.00411255,0.0156838,0.025097,481
-1.37584e-05,-4.68375e-06,-5.58559e-05,0.000491462,0.0135776,0.0271836,482
-8.36821e-05,-0.000438781,-0.000331257,0.00779836,0.0307854,0.0350036,483
-0.000191695,-0.000304886,-0.000277738,0.00357206,0.0294233,0.0361401,484
-0.000268438,-0.000164598,-0.000206994,-0.000219429,0.0272156,0.037977,485
-0.000235042,-0.000103296,-0.000153315,-0.00338609,0.0242416,0.0404379,486
-0.000150373,-7.78586e-05,-8.7875e-05,-0.00576922,0.0205519,0.0434339,487
-0.00010085,-0.000716335,-0.000267665,0.007852,0.0325683,0.0391859,488
-0.0002473,-0.000487981,-0.00024887,0.00367132,0.0311379,0.0403347,489
-0.000351816,-0.000237031,-0.000187372,-8.99639e-05,0.0287775,0.0422006,490
-0.000309195,-0.000146226,-0.000130942,-0.00324792,0.0254746,0.0447167,491
-9.30204e-05,-0.00088334,-0.000224262,0.00808922,0.0335341,0.0436023,492
-0.000268247,-0.000692185,-0.000175224,0.00411255,0.0320981,0.0446588,493
-0.000351912,-0.000347927,-0.000136704,0.000491462,0.0296775,0.0463707,494
0,0,0,-0.00740814,0.0106702,0.0709715,495
0,0,0,-0.00641318,0.014847,0.0709715,496
0,0,0,-0.00476843,0.0188013,0.0709715,497
0,0,0,-0.00246235,0.0224294,0.0709715,498
0,0,0,0.000474758,0.0255523,0.0709715,499
0,0,0,0.00399817,0.028,0.0709715,500
0,0,0,0.00799204,0.0295781,0.0709715,501
0,0,0,0.0122476,0.0301245,0.0709715,502
-2.81906e-06,-0.000129124,1.20046e-05,0.0122476,0.0308622,0.0667876,503
-5.24181e-06,-0.000311332,1.42518e-05,0.0122476,0.0316,0.0626038,504
-4.03581e-06,-0.000730959,9.30918e-05,0.0122476,0.0323377,0.0584199,505
-1.87206e-06,-0.000971947,-3.84683e-05,0.0122476,0.0330754,0.0542361,506
0,0,0,-0.00774287,0.0106702,0.0501388,507
0,0,0,-0.00771439,0.0106702,0.0543059,508
0,0,0,-0.00766684,0.0106702,0.0584727,509
0,0,0,-0.00760009,0.0106702,0.0626393,510
0,0,0,-0.00751393,0.0106702,0.0668055,511
-6.71442e-05,-1.32181e-05,8.21521e-08,-0.00196098,0.0238348,0.0665528,512
-0.000169946,-3.29627e-05,2.76127e-05,-0.00196098,0.0246154,0.0621255,513
-0.000252258,-0.000111856,9.22387e-06,-0.00196098,0.0253961,0.0576981,514
-0.000345935,-0.000200103,-4.81954e-05,-0.00196098,0.0261768,0.0532707,515
-5.97102e-05,-7.69957e-06,-8.23435e-07,-0.00444691,0.0202038,0.0664255,516
-0.000134369,-2.94854e-05,-3.85041e-07,-0.00444691,0.0210064,0.0618738,517
-0.000180508,-6.69479e-05,-1.36239e-05,-0.00444691,0.0218089,0.0573221,518
-0.000275738,-0.000117244,-4.4157e-05,-0.00444691,0.0226115,0.0527703,519
-3.77452e-05,-1.09995e-06,-3.42652e-07,-0.00628359,0.0160649,0.0662805,520
-9.18682e-05,-6.31954e-06,-2.64986e-06,-0.00628359,0.0168925,0.061587,521
-0.000109289,-2.73058e-05,-5.66954e-06,-0.00628359,0.01772,0.0568935,522
-0.000156878,-6.9027e-05,-2.44159e-05,-0.00628359,0.0185476,0.0522,523
-4.87202e-05,-5.57272e-06,-8.56364e-07,-0.00739957,0.0132883,0.0564294,524
-7.01926e-05,-2.85626e-05,-6.9791e-07,-0.00739957,0.0141431,0.051582,525
-7.92997e-05,-1.33315e-05,3.92347e-06,0.00107753,0.0268167,0.0666571,526
-0.000188619,-4.48619e-05,5.08785e-05,0.00107753,0.0275794,0.0623319,527
-0.000274894,-0.000183256,8.65335e-06,0.00107753,0.028342,0.0580068,528
-0.00032303,-0.000356701,-4.39774e-05,0.00107753,0.0291046,0.0536816,529
-6.44899e-05,-5.0027e-05,-1.28264e-06,0.00455046,0.0290338,0.0667331,530
-0.000128031,-0.000180626,3.62104e-05,0.00455046,0.029783,0.0624843,531
-0.000177855,-0.000359802,3.43655e-05,0.00455046,0.0305322,0.0582355,532
-0.000214322,-0.000631979,-3.13659e-06,0.00455046,0.0312814,0.0539867,533
-4.26972e-05,-0.000150068,3.6502e-05,0.00832273,0.0305853,0.0657269,534
-6.35167e-05,-0.000411318,9.85528e-05,0.00832273,0.0315112,0.0604756,535
-0.000114014,-0.000800352,1.99624e-05,0.00832273,0.0324372,0.0552242,536
0,0,0,0.0164693,0.0295868,0.0709715,537
0,0,0,0.0204679,0.0280158,0.0709715,538
0,0,0,0.0239993,0.0255707,0.0709715,539
0,0,0,0.0269464,0.022444,0.0709715,540
0,0,0,0.0292546,0.0188189,0.0709715,541
0,0,0,0.030907,0.0148517,0.0709715,542
0,0,0,0.0319034,0.0106702,0.0709715,543
0,0,0,0.0320092,0.0106702,0.0668055,544
0,0,0,0.0320954,0.0106702,0.0626393,545
0,0,0,0.0321621,0.0106702,0.0584727,546
0,0,0,0.0322097,0.0106702,0.0543059,547
0,0,0,0.0322382,0.0106702,0.0501388,548
0,0,0,0.0322476,0.0106702,0.0459715,549
5.77942e-05,-4.07764e-05,-2.28193e-05,0.0318634,0.0151851,0.0467676,550
0.000158519,-9.24125e-05,-5.24768e-05,0.0307252,0.0195266,0.0475331,551
0.000288416,-0.000151318,-8.08829e-05,0.028877,0.0235277,0.0482386,552
0.000363637,-0.000260934,-0.000100988,0.0263898,0.0270347,0.048857,553
0.000351636,-0.000471902,-0.000107302,0.023359,0.0299128,0.0493645,554
0.000255727,-0.000813241,-8.0157e-05,0.0199013,0.0320515,0.0497416,555
9.30482e-05,-0.00098163,-0.000100279,0.0161495,0.0333684,0.0499738,556
6.42163e-05,-1.02602e-05,1.05111e-07,0.0264563,0.0238348,0.0665528,557
0.000160887,-4.46052e-05,2.52552e-05,0.0264563,0.0246154,0.0621254,558
0.000265515,-0.000115616,9.80861e-06,0.0264563,0.0253961,0.0576981,559
0.000350336,-0.000203195,-3.41545e-05,0.0264563,0.0261768,0.0532707,560
7.66906e-05,-8.90165e-06,4.02548e-06,0.0234178,0.0268168,0.0666568,561
0.000180656,-6.2125e-05,3.30857e-05,0.0234178,0.0275794,0.0623318,562
0.000256565,-0.000187511,1.50111e-05,0.0234178,0.028342,0.0580067,563
0.000334456,-0.00035412,-3.7654e-05,0.0234178,0.0291046,0.0536816,564
6.13916e-05,-5.56445e-05,-7.4517e-07,0.0199448,0.0290339,0.0667328,565
0.00011765,-0.000191753,2.07619e-05,0.0199448,0.0297831,0.0624841,566
0.000165877,-0.00036518,1.98431e-05,0.0199448,0.0305322,0.0582353,567
0.000215251,-0.000644633,-4.70755e-06,0.0199448,0.0312814,0.0539866,568
3.33312e-05,-0.000153117,3.87536e-05,0.0161726,0.0305853,0.0657264,569
5.24557e-05,-0.000407763,9.16341e-05,0.0161726,0.0315113,0.0604752,570
0.000111128,-0.000804141,1.49849e-05,0.0161726,0.0324372,0.055224,571
5.95241e-05,-3.23866e-06,1.18302e-06,0.0289422,0.0202038,0.0664254,572
0.000143962,-3.42666e-05,2.94994e-06,0.0289422,0.0210064,0.0618737,573
0.00019237,-6.89672e-05,-6.0167e-06,0.0289422,0.021809,0.057322,574
0.000288766,-0.000121267,-4.04253e-05,0.0289422,0.0226115,0.0527703,575
3.80763e-05,-1.14434e-06,1.3458e-06,0.0307789,0.0160649,0.0662805,576
8.44429e-05,-9.39363e-06,-6.10262e-06,0.0307789,0.0168925,0.061587,577
0.000122995,-3.03136e-05,-5.30473e-06,0.0307789,0.01772,0.0568935,578
0.000162218,-6.33698e-05,-1.75115e-05,0.0307789,0.0185476,0.0522,579
4.62447e-05,-4.58878e-06,-5.30151e-06,0.0318949,0.0132883,0.0564294,580
7.23458e-05,-1.73972e-05,-8.42178e-06,0.0318949,0.0141431,0.051582,581
0,0,0,-0.0058886,0.0106702,0.0709715,582
0,0,0,-0.00472993,0.0151365,0.0709715,583
0,0,0,-0.00275987,0.0193248,0.0709715,584
0,0,0,1.53217e-05,0.0230211,0.0709715,585
0,0,0,0.00354499,0.0259753,0.0709715,586
0,0,0,0.00771097,0.0279193,0.0709715,587
0,0,0,0.0318634,0.0106702,0.0413869,588
0,0,0,0.0307252,0.0106702,0.0369784,589
0,0,0,0.028877,0.0106702,0.0329156,590
0,0,0,0.0263898,0.0106702,0.0293545,591
0,0,0,0.023359,0.0106702,0.026432,592
0,0,0,0.0199013,0.0106702,0.0242603,593
0,0,0,0.0161495,0.0106702,0.022923,594
4.46509e-05,-1.5677e-05,-4.23317e-05,0.0317462,0.014676,0.0426102,595
0.000113826,-4.10538e-05,-0.00010191,0.030267,0.0184809,0.0394175,596
0.000186626,-7.30165e-05,-0.000183404,0.0278843,0.0218942,0.0365534,597
0.000178628,-9.22998e-05,-0.000229347,0.0247174,0.0247447,0.0341615,598
0.000130234,-0.00014297,-0.000286487,0.0209253,0.0268894,0.0323619,599
9.09651e-05,-0.00022341,-0.000275498,0.0166981,0.0282209,0.0312447,600
4.65134e-05,-1.01927e-05,-7.09242e-05,0.0302645,0.0148851,0.0366805,601
7.61474e-05,-2.75137e-05,-0.000131297,0.0278814,0.0184764,0.0335671,602
9.19057e-05,-6.77655e-05,-0.000184168,0.0247147,0.0214162,0.0310657,603
7.64244e-05,-0.000105647,-0.000236444,0.0209232,0.0236086,0.0292105,604
3.20653e-05,-0.000147202,-0.000244206,0.0166969,0.0249644,0.0280664,605
1.69508e-05,-4.52935e-07,-7.53591e-05,0.0277432,0.0144766,0.0316099,606
4.3131e-05,-2.94115e-05,-0.000127859,0.0245852,0.0175281,0.0287941,607
4.55715e-05,-5.38308e-05,-0.000174373,0.020824,0.0197755,0.0267936,608
1.87822e-05,-8.38533e-05,-0.000199111,0.0166433,0.0211553,0.0255843,609
1.75139e-05,-3.02713e-06,-5.05873e-05,0.0240038,0.0135776,0.0271836,610
2.13308e-05,-1.23058e-05,-9.45246e-05,0.0203827,0.0156838,0.025097,611
6.22906e-06,-3.26218e-05,-0.000119804,0.0164061,0.0169737,0.0238663,612
0.000176807,-6.76337e-05,-9.08384e-05,0.0302645,0.0205519,0.0434339,613
0.000281006,-0.000109877,-0.000163513,0.0278814,0.0242417,0.0404379,614
0.000309468,-0.000201043,-0.000217617,0.0247147,0.0272156,0.037977,615
0.000171143,-0.00032368,-0.000305389,0.0209232,0.0294233,0.0361401,616
0.00011407,-0.000441182,-0.000300959,0.0166969,0.0307854,0.0350036,617
0.000338815,-0.000152729,-0.000124796,0.0277432,0.0254746,0.0447167,618
0.00037719,-0.000257848,-0.000175393,0.0245852,0.0287775,0.0422006,619
0.000291826,-0.000538148,-0.000223044,0.020824,0.0311379,0.0403347,620
0.000139079,-0.000744346,-0.000250242,0.0166433,0.0325683,0.0391859,621
0.000385105,-0.000367509,-0.000127518,0.0240038,0.0296775,0.0463707,622
0.000303655,-0.000738413,-0.00016858,0.0203827,0.0320981,0.0446588,623
0.000133434,-0.000901727,-0.0002144,0.0164061,0.0335341,0.0436023,624
0,0,0,0.00813101,0.0106702,0.0245231,625
0,0,0,0.00422079,0.0106702,0.0261502,626
0,0,0,0.000713082,0.0106702,0.0287712,627
0,0,0,-0.00221624,0.0106702,0.0322547,628
0,0,0,-0.00442028,0.0106702,0.0364261,629
0,0,0,-0.00578852,0.0106702,0.041076,630
0,0,0,-0.00625236,0.0106702,0.0459715,631
0,0,0,-0.00624235,0.0106702,0.0501389,632
0,0,0,-0.00621228,0.0106702,0.054306,633
0,0,0,-0.00616207,0.0106702,0.0584728,634
0,0,0,-0.00609156,0.0106702,0.0626394,635
0,0,0,-0.0060005,0.0106702,0.0668056,636
-0.000212256,-0.000860213,-7.6468e-05,0.00813101,0.0317927,0.049696,637
-0.000377245,-0.000692725,-9.62292e-05,0.00422079,0.0301903,0.0494134,638
-0.000397365,-0.000405373,-0.000126088,0.000713082,0.0276091,0.0489583,639
-0.000287275,-0.000213985,-9.21908e-05,-0.00221624,0.0241785,0.0483534,640
-0.00014878,-9.26507e-05,-6.10359e-05,-0.00442028,0.0200706,0.047629,641
-5.3962e-05,-2.38245e-05,-2.77303e-05,-0.00578852,0.0154912,0.0468216,642
-3.8287e-05,-6.4311e-06,-3.9798e-05,-0.00578852,0.0144203,0.0428248,643
-8.44264e-05,-2.66033e-05,-8.77286e-05,-0.00442028,0.0179824,0.0398358,644
-0.000137178,-6.93644e-05,-0.000143659,-0.00221624,0.0211778,0.0371545,645
-0.000173244,-0.000124358,-0.000199759,0.000713087,0.0238463,0.0349154,646
-0.000149892,-0.000236609,-0.000273932,0.00422079,0.0258542,0.0332306,647
-7.35178e-05,-0.000314484,-0.000313975,0.00813101,0.0271006,0.0321847,648
-3.02056e-05,3.83344e-06,-5.89969e-05,-0.00442207,0.0146078,0.0372809,649
-6.0545e-05,-1.20079e-05,-0.000112526,-0.00221829,0.0179725,0.0343637,650
-7.65576e-05,-4.63922e-05,-0.000171779,0.000711156,0.020727,0.0320199,651
-8.78616e-05,-0.000124769,-0.000232336,0.00421932,0.0227813,0.0302816,652
-6.10717e-05,-0.00018892,-0.000256683,0.00813021,0.0240516,0.0292096,653
-2.92892e-05,-8.4049e-07,-5.26774e-05,-0.00209929,0.0142169,0.0325426,654
-4.15407e-05,-1.75761e-05,-9.89455e-05,0.000822711,0.0170807,0.0298993,655
-4.55752e-05,-6.14143e-05,-0.000149339,0.00430486,0.0191898,0.0280216,656
-2.58812e-05,-9.99439e-05,-0.000175172,0.00817646,0.0204849,0.0268866,657
-1.20348e-05,-1.63634e-05,-7.89356e-05,0.00473518,0.0153694,0.026424,658
-1.24313e-05,-2.17046e-05,-0.000108233,0.00840779,0.0165728,0.0252759,659
-0.000127489,-7.08669e-05,-8.50747e-05,-0.00442207,0.0199125,0.0436028,660
-0.000204282,-0.000112898,-0.000150801,-0.00221829,0.0233697,0.0407958,661
-0.000269442,-0.00019693,-0.000214276,0.000711156,0.0261562,0.0384901,662
-0.000231623,-0.00034775,-0.000300042,0.00421932,0.0282247,0.0367689,663
-0.000133777,-0.000472546,-0.000368732,0.00813021,0.0295011,0.035704,664
-0.000280393,-0.000173922,-0.000131075,-0.00209929,0.0245109,0.0448105,665
-0.000372967,-0.000292516,-0.000194425,0.000822711,0.0276113,0.0424492,666
-0.000329348,-0.000505098,-0.000281406,0.00430486,0.0298268,0.0406983,667
-0.000185958,-0.000687385,-0.000337004,0.00817646,0.0311694,0.0396199,668
-0.000349234,-0.000672359,-0.000212226,0.00473518,0.0307367,0.0447381,669
-0.000178048,-0.000816773,-0.000267097,0.00840779,0.0320763,0.0437523,670
-6.73257e-05,-2.14074e-05,-5.22642e-06,-0.00089533,0.0227686,0.0665202,671
-0.000167326,-5.33025e-05,9.99186e-06,-0.00089533,0.0235559,0.0620552,672
-0.00024836,-0.00013471,1.14274e-05,-0.00089533,0.0243432,0.0575901,673
-0.000353458,-0.000242992,-3.41177e-05,-0.00089533,0.0251305,0.0531251,674
-7.9585e-05,-3.18605e-05,1.2307e-05,0.00235238,0.0259023,0.066632,675
-0.000206113,-9.87221e-05,4.73404e-05,0.00235238,0.0266708,0.0622738,676
-0.000305547,-0.000248745,4.91522e-05,0.00235238,0.0274393,0.0579157,677
-0.000388482,-0.000449509,7.21119e-06,0.00235238,0.0282077,0.0535575,678
-7.49781e-05,-9.39733e-05,5.12809e-05,0.00610223,0.0280839,0.0667118,679
-0.000167775,-0.000261158,0.000117596,0.00610223,0.0288393,0.0624276,680
-0.000226822,-0.000432625,0.000160318,0.00610223,0.0295948,0.0581433,681
-0.000270392,-0.000666678,6.72894e-05,0.00610223,0.0303502,0.0538591,682
-4.9076e-05,-5.52457e-06,-1.12134e-05,-0.0034761,0.0188417,0.0663819,683
-0.000109419,-2.4775e-05,-1.15769e-05,-0.0034761,0.0196527,0.0617825,684
-0.000142715,-6.35426e-05,-1.88953e-05,-0.0034761,0.0204637,0.0571831,685
-0.000219835,-0.000113441,-4.50891e-05,-0.0034761,0.0212747,0.0525838,686
-1.88423e-05,9.38526e-06,-5.13144e-06,-0.00525897,0.0143211,0.0662234,687
-6.19049e-05,7.21892e-06,-9.2635e-06,-0.00525897,0.0151594,0.0614691,688
-7.71983e-05,-1.73575e-05,-8.24546e-06,-0.00525897,0.0159977,0.0567149,689
-0.000105687,-4.7782e-05,-1.75221e-05,-0.00525897,0.016836,0.0519607,690
-5.76973e-07,5.51067e-07,-1.4198e-06,0.0306993,0.0127394,0.0688671,691
-2.9306e-06,2.75115e-06,-2.98993e-06,-0.00625909,0.0128465,0.0690203,692
4.42549e-05,-0.000108495,-0.000200751,0.0186214,0.0219809,0.0282259,693
0.000194681,-7.72058e-05,-0.000137808,0.0283692,0.0214649,0.0402435,694
-2.78657e-05,-5.27636e-05,-0.000133276,0.00605619,0.018148,0.0262097,695
-0.000113702,-5.87881e-05,-0.000167715,-0.00123646,0.0211131,0.0339916,696
-8.95998e-05,-2.8154e-05,-0.000103835,-0.00395063,0.0180435,0.0371177,697
-9.80037e-05,-0.000923894,-0.000136255,0.0057718,0.0346702,0.0502033,698
-6.85705e-05,-0.000849441,-0.000159816,0.00481427,0.0346702,0.0460952,699
-8.98623e-05,-0.000771388,-0.000191268,0.00566339,0.0346702,0.0419707,700
-6.27551e-05,-0.000736151,-0.000204774,0.00827703,0.0346702,0.0386867,701
-3.94251e-06,-0.000762463,-0.000221085,0.0122476,0.0346702,0.0373547,702
1.23885e-05,-0.000428957,-0.00027323,0.0122476,0.0328013,0.0333042,703
9.46671e-06,-0.000257371,-0.000295869,0.0122476,0.0302553,0.0296414,704
-1.38476e-05,-0.000171012,-0.000282816,0.0122476,0.0271099,0.0264783,705
-5.95758e-06,-0.000108054,-0.000248805,0.0122476,0.0234614,0.0239117,706
-2.29904e-06,-5.25133e-05,-0.000184759,0.0122476,0.0194215,0.0220202,707
-1.06095e-06,-7.02108e-06,-9.83123e-05,0.0122476,0.0151138,0.0208617,708
0,0,0,0.0122476,0.0106702,0.0204715,709
0,0,0,0.00795566,0.0106702,0.0209615,710
0,0,0,0.00382861,0.0106702,0.0224126,711
0,0,0,2.50981e-05,0.0106702,0.024769,712
0,0,0,-0.00330871,0.0106702,0.0279403,713
0,0,0,-0.00604469,0.0106702,0.0318045,714
0,0,0,-0.00807771,0.0106702,0.0362131,715
0,0,0,-0.00932963,0.0106702,0.0409967,716
0,0,0,-0.00975236,0.0106702,0.0459715,717
-6.96608e-05,-1.80735e-05,-3.43125e-05,-0.00939013,0.0152084,0.0467717,718
-0.000158257,-7.35635e-05,-5.13954e-05,-0.00831536,0.0195973,0.0475456,719
-0.000278546,-0.000118074,-7.8967e-05,-0.00656346,0.0236922,0.0482676,720
-0.000348959,-0.000183633,-9.51974e-05,-0.0041921,0.0273582,0.0489141,721
-0.00031855,-0.000320095,-0.000105281,-0.00127939,0.0304748,0.0494636,722
-0.000190549,-0.000581611,-0.00012405,0.00207877,0.0329391,0.0498981,723
-3.41315e-05,-0.00023025,-0.000291112,0.00795565,0.0298289,0.0298954,724
-5.3967e-05,-0.000184553,-0.000275056,0.00382861,0.0287173,0.0308281,725
-0.000142169,-0.000100751,-0.000234671,2.50965e-05,0.0269122,0.0323428,726
-0.000192784,-8.12229e-05,-0.000197679,-0.00330871,0.0244829,0.0343813,727
-0.000160707,-6.5195e-05,-0.000145098,-0.00604469,0.0215227,0.0368651,728
-0.000113072,-3.42084e-05,-8.66522e-05,-0.00807771,0.0181455,0.0396989,729
-5.18876e-05,-7.30174e-06,-4.03132e-05,-0.00932963,0.0144811,0.0427738,730
-5.32564e-05,-0.000151135,-0.000266324,0.00797149,0.0266835,0.0267554,731
-8.75696e-05,-0.000104903,-0.000280428,0.00385846,0.0255635,0.027699,732
-9.72521e-05,-7.13086e-05,-0.0002212,6.54152e-05,0.02374,0.0292369,733
-9.20023e-05,-5.41109e-05,-0.000183828,-0.00326296,0.0212738,0.0313223,734
-9.32715e-05,-3.90022e-05,-0.000117916,-0.0059997,0.0182393,0.0339041,735
-4.04545e-05,-1.01773e-05,-5.91713e-05,-0.00804043,0.0147037,0.0369719,736
-3.2921e-05,-9.39719e-05,-0.000240822,0.0080264,0.0230393,0.0242157,737
-6.58768e-05,-8.68925e-05,-0.000231606,0.00396203,0.0219084,0.0251937,738
-7.72776e-05,-6.47646e-05,-0.00018262,0.000205559,0.0200583,0.0268067,739
-6.18838e-05,-3.77807e-05,-0.000124049,-0.00310342,0.0175348,0.0290444,740
-4.61097e-05,-1.02295e-05,-5.62164e-05,-0.00584193,0.01439,0.0319437,741
-2.26681e-05,-4.39446e-05,-0.000175991,0.00820437,0.019027,0.02234,742
-3.95254e-05,-4.42385e-05,-0.000148208,0.00429884,0.0179469,0.023335,743
-4.25766e-05,-2.91773e-05,-0.000112402,0.000664104,0.0161749,0.025003,744
-1.07925e-05,-9.19871e-06,-8.76576e-05,0.0075989,0.0145985,0.0213588,745
-1.17723e-05,-3.29779e-06,-5.16771e-05,0.0031601,0.0131271,0.022879,746
-7.62596e-05,-0.000377147,-0.000275513,0.00797246,0.0323751,0.0335382,747
-0.000104286,-0.00028096,-0.000266363,0.00386028,0.031252,0.0344769,748
-0.000195435,-0.000163319,-0.00023461,6.78655e-05,0.0294215,0.0360049,749
-0.000267153,-0.000111609,-0.000189577,-0.00326017,0.0269406,0.0380707,750
-0.000232106,-0.00010665,-0.000136044,-0.00599696,0.0238724,0.0406097,751
-0.000154122,-7.13677e-05,-7.94741e-05,-0.00803815,0.0202388,0.0435578,752
-0.000120004,-0.000463772,-0.000231006,0.00396699,0.0330858,0.0385104,753
-0.000253544,-0.000234334,-0.000228279,0.000212285,0.0311784,0.0400505,754
-0.000348585,-0.000150209,-0.000173542,-0.00309574,0.0285397,0.0421446,755
-0.000302528,-0.000130715,-0.00011314,-0.0058343,0.0251428,0.0447352,756
-0.000210256,-0.000423592,-0.000227909,0.00144333,0.0327787,0.0438197,757
-0.000356797,-0.000230223,-0.000142983,-0.00223815,0.0298621,0.0459269,758
0,0,0,-0.0094312,0.0106702,0.0709715,759
0,0,0,-0.00837474,0.0152808,0.0709715,760
0,0,0,-0.00656901,0.0196781,0.0709715,761
0,0,0,-0.00403229,0.0236781,0.0709715,762
0,0,0,-0.000772965,0.0271334,0.0709715,763
0,0,0,0.00313921,0.0298319,0.0709715,764
0,0,0,0.00755577,0.0315597,0.0709715,765
0,0,0,0.0122476,0.0321554,0.0709715,766
-3.66806e-06,-0.000163874,-2.20773e-05,0.0122476,0.0329936,0.0662175,767
-1.20644e-05,-0.00040965,-0.000100834,0.0122476,0.0338319,0.0614634,768
2.38919e-06,-0.000931302,-0.000111182,0.0122476,0.0346702,0.0567094,769
-4.85733e-05,-0.000899092,-9.8035e-05,0.00827105,0.0346702,0.0542905,770
0,0,0,-0.0097435,0.0106702,0.0501388,771
0,0,0,-0.0097169,0.0106702,0.0543058,772
0,0,0,-0.0096725,0.0106702,0.0584726,773
0,0,0,-0.00961019,0.0106702,0.0626391,774
0,0,0,-0.00952982,0.0106702,0.0668054,775
-8.20144e-05,-7.58877e-06,2.98871e-05,-0.00338184,0.0252551,0.0666035,776
-0.000162117,-1.54377e-05,2.01977e-05,-0.00338184,0.0260272,0.0622245,777
-0.000253171,-9.5233e-05,-2.97828e-06,-0.00338184,0.0267993,0.0578456,778
-0.000351656,-0.000177521,-5.05629e-05,-0.00338184,0.0275714,0.0534667,779
-5.85153e-05,4.99057e-06,1.063e-05,-0.00611637,0.0213151,0.0664653,780
-0.000135445,-1.65885e-05,5.04098e-06,-0.00611637,0.022111,0.0619514,781
-0.000218416,-8.0549e-05,-1.05379e-05,-0.00611637,0.0229069,0.0574376,782
-0.000303877,-0.000113574,-3.83277e-05,-0.00611637,0.0237028,0.0529237,783
-4.36734e-05,1.06335e-06,5.02285e-06,-0.00813671,0.0168239,0.0663081,784
-0.000105427,-7.77486e-06,8.17267e-06,-0.00813671,0.0176469,0.0616403,785
-0.000136351,-3.79783e-05,-6.05033e-06,-0.00813671,0.01847,0.0569726,786
-0.000187542,-7.02658e-05,-2.88637e-05,-0.00813671,0.019293,0.0523048,787
-5.98221e-05,-5.27484e-06,2.01483e-06,-0.00936429,0.0136611,0.0564689,788
-8.7001e-05,-1.5134e-05,-8.48611e-06,-0.00936429,0.0145136,0.0516342,789
-0.000106411,-8.74968e-06,4.71329e-05,-3.94752e-05,0.0284909,0.0667163,790
-0.000169755,-2.82881e-05,2.69665e-05,-3.94752e-05,0.0292434,0.0624484,791
-0.00023356,-0.000152182,-1.21769e-05,-3.94752e-05,0.029996,0.0581804,792
-0.000254507,-0.000312272,-6.09001e-05,-3.94752e-05,0.0307485,0.0539125,793
-8.99741e-05,-6.41178e-05,2.05415e-05,0.00378074,0.0310812,0.0657522,794
-0.000106397,-0.000244783,-5.75995e-06,0.00378074,0.0320036,0.0605209,795
-0.000122102,-0.000515526,-9.91664e-05,0.00378074,0.0329261,0.0552897,796
-2.69582e-05,-0.000125082,1.49111e-05,0.00793024,0.0324103,0.06667,797
-4.2761e-05,-0.00030292,1.85388e-05,0.00793024,0.0331701,0.062361,798
-3.26754e-05,-0.000623513,-4.92527e-05,0.00793024,0.0339299,0.0580521,799
5.407e-05,-0.000902895,-0.00010262,0.016227,0.0346702,0.0542871,800
0.000112527,-0.000935898,-0.000139392,0.0187235,0.0346702,0.0502033,801
9.26819e-05,-0.000880575,-0.000154039,0.0196809,0.0346702,0.0461015,802
0.000136434,-0.000807821,-0.000176697,0.0188351,0.0346702,0.0419777,803
8.75053e-05,-0.000785381,-0.000206768,0.0162146,0.0346702,0.038684,804
-6.08867e-05,-0.00100817,-0.000154202,0.00984166,0.0346702,0.0470148,805
5.98261e-05,-0.00100828,-0.000140641,0.0146547,0.0346702,0.0470148,806
-4.6862e-05,-0.000942475,-0.000224673,0.00997649,0.0346702,0.0430884,807
6.52529e-05,-0.000955729,-0.000208673,0.0145197,0.0346702,0.0430884,808
-3.99524e-05,-0.00104287,-0.000108393,0.0102395,0.0346702,0.0509413,809
2.30537e-05,-0.0010487,-0.000107119,0.0142559,0.0346702,0.0509413,810
0,0,0,0.0339265,0.0106702,0.0709715,811
0,0,0,0.0328637,0.0153007,0.0709715,812
0,0,0,0.0310561,0.019694,0.0709715,813
0,0,0,0.0285077,0.0237038,0.0709715,814
0,0,0,0.0252433,0.0271549,0.0709715,815
0,0,0,0.021331,0.0298453,0.0709715,816
0,0,0,0.0169301,0.0315621,0.0709715,817
0,0,0,0.0165396,0.0106702,0.0209615,818
0,0,0,0.0206667,0.0106702,0.0224126,819
0,0,0,0.0244702,0.0106702,0.024769,820
0,0,0,0.027804,0.0106702,0.0279403,821
0,0,0,0.03054,0.0106702,0.0318045,822
0,0,0,0.032573,0.0106702,0.0362131,823
0,0,0,0.0338249,0.0106702,0.0409967,824
0,0,0,0.0342476,0.0106702,0.0459715,825
0,0,0,0.0342388,0.0106702,0.0501388,826
0,0,0,0.0342122,0.0106702,0.0543058,827
0,0,0,0.0341678,0.0106702,0.0584726,828
0,0,0,0.0341055,0.0106702,0.0626391,829
0,0,0,0.0340251,0.0106702,0.0668054,830
7.28342e-05,-1.00105e-05,-2.77871e-05,0.0338854,0.0152084,0.0467717,831
0.000170394,-9.51431e-05,-3.57856e-05,0.0328107,0.0195973,0.0475456,832
0.000299492,-0.000132895,-7.1905e-05,0.0310587,0.0236922,0.0482676,833
0.000361351,-0.000197295,-7.39885e-05,0.0286874,0.0273582,0.0489141,834
0.000337996,-0.000327447,-9.13578e-05,0.0257747,0.0304748,0.0494636,835
0.00019593,-0.000595641,-0.000111906,0.0224165,0.0329391,0.0498981,836
7.35867e-05,-1.64048e-06,2.64455e-05,0.0278771,0.0252551,0.0666033,837
0.000160935,-3.41437e-05,2.11202e-05,0.0278771,0.0260272,0.0622244,838
0.000259194,-9.39633e-05,4.30006e-06,0.0278771,0.0267993,0.0578455,839
0.000365149,-0.000186874,-3.54234e-05,0.0278771,0.0275715,0.0534667,840
9.24387e-05,1.41786e-07,3.6525e-05,0.0245348,0.0284909,0.066716,841
0.000175036,-4.72778e-05,3.63268e-05,0.0245348,0.0292435,0.0624482,842
0.000238179,-0.000169535,2.42968e-06,0.0245348,0.029996,0.0581803,843
0.000266426,-0.000315462,-4.49507e-05,0.0245348,0.0307485,0.0539124,844
6.75438e-05,-7.04388e-05,-6.194e-06,0.0207145,0.0310813,0.0657519,845
0.000106491,-0.000260613,-1.65363e-05,0.0207145,0.0320037,0.0605207,846
0.000117794,-0.000520553,-0.000101456,0.0207145,0.0329261,0.0552896,847
1.95033e-05,-0.000125711,1.23599e-05,0.016565,0.0324103,0.0666701,848
2.53174e-05,-0.000303586,1.1106e-05,0.016565,0.03317,0.0623614,849
2.69355e-05,-0.000622102,-5.27481e-05,0.016565,0.0339298,0.0580527,850
5.84949e-05,8.31372e-06,1.09683e-05,0.0306117,0.0213151,0.0664653,851
0.000144587,-2.32093e-05,6.75891e-06,0.0306117,0.022111,0.0619514,852
0.000230945,-8.19508e-05,-2.18707e-06,0.0306117,0.0229069,0.0574376,853
0.000318655,-0.000122019,-3.13658e-05,0.0306117,0.0237028,0.0529237,854
4.22947e-05,-5.02204e-07,-2.14874e-07,0.032632,0.0168239,0.066308,855
0.000108521,-2.71761e-05,8.32991e-06,0.032632,0.0176469,0.0616403,856
0.00015357,-4.4152e-05,-2.99717e-06,0.032632,0.01847,0.0569726,857
0.000200498,-8.19637e-05,-1.2491e-05,0.032632,0.019293,0.0523048,858
6.26816e-05,-1.04485e-05,5.08808e-06,0.0338596,0.0136611,0.0564689,859
9.30995e-05,-2.37736e-05,1.07236e-06,0.0338596,0.0145136,0.0516342,860
4.98632e-05,-5.54608e-06,-2.92106e-05,0.0338249,0.0144811,0.0427738,861
0.000112623,-5.31706e-05,-8.38133e-05,0.032573,0.0181455,0.0396989,862
0.000186266,-7.86708e-05,-0.000156453,0.03054,0.0215227,0.0368651,863
0.000213863,-9.88037e-05,-0.000226112,0.027804,0.0244829,0.0343813,864
0.000155698,-0.000115546,-0.000266526,0.0244702,0.0269122,0.0323428,865
0.000107315,-0.000139396,-0.00028935,0.0206667,0.0287173,0.0308281,866
6.76443e-05,-0.000205586,-0.000262104,0.0165396,0.0298289,0.0298954,867
4.96958e-05,-8.23489e-06,-6.84415e-05,0.0325357,0.0147037,0.0369719,868
0.000103549,-6.67324e-05,-0.000135301,0.030495,0.0182393,0.0339041,869
0.000114413,-6.09564e-05,-0.00017579,0.0277582,0.0212738,0.0313223,870
0.000112881,-9.78983e-05,-0.000226299,0.0244299,0.02374,0.029237,871
7.40738e-05,-0.000117846,-0.000259972,0.0206368,0.0255635,0.027699,872
2.55836e-05,-0.000133818,-0.00023887,0.0165238,0.0266835,0.0267554,873
3.53664e-05,-2.38114e-05,-6.43749e-05,0.0303372,0.01439,0.0319437,874
6.5892e-05,-2.42831e-05,-0.000123091,0.0275987,0.0175348,0.0290444,875
8.45947e-05,-5.96403e-05,-0.000174105,0.0242897,0.0200583,0.0268067,876
5.233e-05,-7.95903e-05,-0.000213621,0.0205333,0.0219084,0.0251937,877
1.92545e-05,-8.65304e-05,-0.000222913,0.0164689,0.0230393,0.0242157,878
5.06684e-05,-3.06576e-05,-0.000102742,0.0238312,0.0161749,0.025003,879
3.08537e-05,-4.81309e-05,-0.00015167,0.0201964,0.0179469,0.023335,880
1.4757e-05,-5.41507e-05,-0.000174744,0.0162909,0.019027,0.02234,881
1.41359e-05,-3.5296e-06,-4.54442e-05,0.0213352,0.0131271,0.022879,882
1.20224e-05,-1.16395e-05,-8.05176e-05,0.0168964,0.0145985,0.0213588,883
0.000176966,-7.61378e-05,-7.14332e-05,0.0325334,0.0202388,0.0435578,884
0.000278886,-0.000109454,-0.000142209,0.0304922,0.0238724,0.0406097,885
0.000305754,-0.000131629,-0.000205396,0.0277555,0.0269406,0.0380707,886
0.000215075,-0.000207547,-0.00023992,0.0244274,0.0294215,0.0360049,887
0.000158311,-0.000252188,-0.00025783,0.020635,0.031252,0.0344769,888
7.99075e-05,-0.000367338,-0.00024562,0.0165228,0.0323751,0.0335382,889
0.000336488,-0.000135683,-0.000106887,0.0303296,0.0251428,0.0447352,890
0.000368879,-0.000172536,-0.000164601,0.027591,0.0285397,0.0421446,891
0.000257833,-0.000272331,-0.000203297,0.024283,0.0311784,0.0400505,892
0.000177442,-0.000539994,-0.000214932,0.0205283,0.0330858,0.0385104,893
0.000376957,-0.000221315,-0.000126434,0.0267338,0.0298617,0.0459271,894
0.000228429,-0.000423482,-0.00016244,0.0230529,0.0327782,0.0438201,895
-7.27201e-05,-2.58777e-05,-4.92172e-05,-0.00807365,0.0158065,0.043447,896
6.98778e-07,-1.07374e-06,-9.73278e-09,0.0324335,0.0129693,0.068874,897
2.98819e-05,-0.00107486,-9.30262e-05,0.0144351,0.0356583,0.0503776,898
-4.72065e-05,-0.00106663,-0.000113364,0.0100602,0.0356583,0.0503776,899
-2.0365e-06,-0.00105763,-0.000163001,0.012244,0.0361701,0.0459869,900
1.77628e-05,-0.000942056,-0.000172138,0.012244,0.0357938,0.0416065,901
2.85706e-06,-0.000949503,-0.000182859,0.00839697,0.0357292,0.0444305,902
1.65889e-05,-0.000969165,-0.000182702,0.0160911,0.0357305,0.0444287,903
